{
    "AspNet35Status":  "Present",
    "ApplicationPools":  {
                             "applicationPools":  [
                                                      "DefaultAppPool",
                                                      "techsummit"
                                                  ],
                             "applicationPoolDefaults":  {
                                                             "managedRuntimeVersion":  "v4.0",
                                                             "processModel":  {
                                                                                  "identityType":  "ApplicationPoolIdentity"
                                                                              }
                                                         }
                         },
    "ApplicationDefaults":  [

                            ],
    "SiteDefaults":  [
                         [

                         ],
                         [

                         ]
                     ],
    "Websites":  [
                     {
                         "Name":  "techsummit",
                         "ID":  "1",
                         "Applications":  [
                                              {
                                                  "Path":  "/",
                                                  "ApplicationPool":  "techsummit",
                                                  "VirtualDirectories":  [
                                                                             {
                                                                                 "Path":  "/",
                                                                                 "PhysicalPath":  "C:\\inetpub\\wwwroot"
                                                                             }
                                                                         ]
                                              }
                                          ],
                         "Bindings":  [
                                          {
                                              "Protocol":  "http",
                                              "BindingInformation":  "*:80:"
                                          }
                                      ]
                     }
                 ],
    "AspNetStatus":  "Absent",
    "FeatureName":  "IIS-CommonHttpFeatures;IIS-DefaultDocument;IIS-DirectoryBrowsing;IIS-HealthAndDiagnostics;IIS-HttpCompressionStatic;IIS-HttpErrors;IIS-HttpLogging;IIS-Performance;IIS-RequestFiltering;IIS-Security;IIS-StaticContent;IIS-WebServer;IIS-WebServerRole",
    "VirtualDirectoryDefaults":  [

                                 ],
    "Status":  "Present",
    "HttpHandlers":  [

                     ]
}
